"Year","Month","Day","HOUR","MINUTE","Avg_price","sum_amount"
2022,10,18,10,3,19536.929892086348,6.189933500000
2022,10,18,10,4,19536.606984615384,8.837146859999
2022,10,18,10,5,19537.71110854505,14.506902339999
2022,10,18,10,6,19534.692251655644,7.822023499999
2022,10,18,10,7,19524.721111111106,27.604131940000
2022,10,18,10,8,19518.04836283186,4.768091229999
2022,10,18,10,9,19517.71460905349,4.319607169999
2022,10,18,10,10,19514.474824561396,6.599982310000
2022,10,18,10,11,19512.450749185686,4.091568599999
2022,10,18,10,12,19510.97417266184,3.849759559999
2022,10,18,10,13,19522.83429824562,12.43232407
2022,10,18,10,14,19531.85492500003,10.303571249999
2022,10,18,10,15,19534.059797570837,5.431584190000
2022,10,18,10,16,19525.243999999988,4.564990879999
2022,10,18,10,17,19524.536403508777,3.75179521
2022,10,18,10,18,19527.313021276615,3.333546009999
2022,10,18,10,19,19523.821148325376,2.190172169999
2022,10,18,10,20,19531.890286532947,6.306327230000
2022,10,18,10,21,19535.402392026575,14.986240839999
2022,10,18,10,22,19537.401899441313,8.22034611
2022,10,18,10,23,19551.128789062488,4.019393169999
2022,10,18,10,24,19555.219355742323,4.006807419999
2022,10,18,10,25,19549.373770114915,7.519227120000
2022,10,18,10,26,19551.653,6.380952349999
2022,10,18,10,27,19559.241154684107,9.677293159999
2022,10,18,10,28,19563.288764705896,7.744845400000
2022,10,18,10,29,19555.28146258505,2.347388169999
2022,10,18,10,30,19551.7521409214,4.999136179999
2022,10,18,10,31,19546.8343438914,8.520582829999
2022,10,18,10,32,19549.704255319146,2.856855259999
2022,10,18,10,33,19549.792488888885,2.585868779999
2022,10,18,10,34,19551.622400000007,7.551851630000
2022,10,18,10,35,19553.641028938924,3.62163977
2022,10,18,10,36,19575.20302191466,57.150770459999
2022,10,18,10,37,19579.75238361266,24.941689199999
2022,10,18,10,38,19571.7008616188,12.194095959999
2022,10,18,10,39,19575.613193277328,3.292161929999
2022,10,18,10,40,19572.076575875493,25.35226152
2022,10,18,10,41,19566.232347560985,6.161450250000
2022,10,18,10,42,19566.00343949044,4.148800259999
2022,10,18,10,43,19569.17340625001,7.093315090000
2022,10,18,10,44,19562.127337662332,7.982688859999
2022,10,18,10,45,19564.556269230754,3.48860834
2022,10,18,10,46,19563.751985559575,3.205931699999
2022,10,18,10,47,19558.7887704918,9.878843439999
2022,10,18,10,48,19548.371785714273,6.728391790000
2022,10,18,10,49,19543.823186119887,4.769372259999
2022,10,18,10,50,19543.23068181818,12.107250379999
2022,10,18,10,51,19539.573090128757,6.039978670000
2022,10,18,10,52,19534.921804733727,6.749984369999
2022,10,18,10,53,19537.59513586955,3.619352699999
2022,10,18,10,54,19542.48878289474,5.875564950000
2022,10,18,10,55,19545.337737556554,2.697517959999
2022,10,18,10,56,19540.738135593256,1.390212949999
2022,10,18,10,57,19534.666730310273,18.577710659999
2022,10,18,10,58,19529.632282608698,2.150347549999
2022,10,18,10,59,19530.702269503545,8.640045849999
2022,10,18,11,0,19538.925471264378,14.369792140000
2022,10,18,11,1,19540.903971014483,23.141237500000
2022,10,18,11,2,19543.64208571429,4.763200779999
2022,10,18,11,3,19550.66087336246,20.158474510000
2022,10,18,11,4,19552.857915407836,12.148366059999
2022,10,18,11,5,19551.963670886067,10.089596890000
2022,10,18,11,6,19556.023441396504,14.479016989999
2022,10,18,11,7,19545.047975986265,34.030312450000
2022,10,18,11,8,19536.71566964285,14.093309709999
2022,10,18,11,9,19538.284197530855,9.714885479999
2022,10,18,11,10,19536.336959619963,11.777178509999
2022,10,18,11,11,19543.41937728938,8.74470403
2022,10,18,11,12,19542.769404761908,10.627307320000
2022,10,18,11,13,19540.083885869564,8.799180670000
2022,10,18,11,14,19533.16331564987,13.847527929999
2022,10,18,11,15,19534.41469696972,7.202870320000
2022,10,18,11,16,19535.72011396011,8.346262079999
2022,10,18,11,17,19535.03177595626,9.786152629999
2022,10,18,11,18,19538.294486215553,5.961254869999
2022,10,18,11,19,19535.985899999985,11.262780739999
2022,10,18,11,20,19542.28363905325,7.26700226
2022,10,18,11,21,19552.463028571412,15.564221149999
2022,10,18,11,22,19557.01903083699,5.396437440000
2022,10,18,11,23,19557.4407823961,16.594118359999
2022,10,18,11,24,19560.61566929134,14.689954509999
2022,10,18,11,25,19555.21183222959,19.519761110000
2022,10,18,11,26,19553.77917355371,12.489750679999
2022,10,18,11,27,19555.42843853821,5.243041779999
2022,10,18,11,28,19555.08917127073,9.862085910000
2022,10,18,11,29,19557.087661016936,9.701995020000
2022,10,18,11,30,19565.335046082953,17.565106379999
2022,10,18,11,31,19572.8821019108,18.665684509999
2022,10,18,11,32,19575.174582392763,11.414050579999
2022,10,18,11,33,19569.174401294502,10.064974850000
2022,10,18,11,34,19572.342379248712,28.378556100000
2022,10,18,11,35,19568.1360911271,20.854217019999
2022,10,18,11,36,19570.887916666674,9.838360959999
2022,10,18,11,37,19564.63383512544,9.725190709999
2022,10,18,11,38,19570.706066666673,6.090874679999
2022,10,18,11,39,19571.942865013785,9.072249909999
2022,10,18,11,40,19579.69924959213,24.957132870000
2022,10,18,11,41,19583.152168674696,16.589130959999
2022,10,18,11,42,19589.745261261276,19.936720810000
2022,10,18,11,43,19584.898585607923,15.10816585
2022,10,18,11,44,19578.046428571404,18.607369060000
2022,10,18,11,45,19577.280124481327,27.186106380000
2022,10,18,11,46,19580.328783382807,11.659208929999
2022,10,18,11,47,19585.00835227274,7.613380340000
2022,10,18,11,48,19589.689646569637,23.035410210000
2022,10,18,11,49,19596.587916666675,39.439920919999
2022,10,18,11,50,19593.18148214283,24.082015510000
2022,10,18,11,51,19582.69486021504,11.558900699999
2022,10,18,11,52,19586.360063291137,19.212873019999
2022,10,18,11,53,19583.180394736795,9.817369149999
2022,10,18,11,54,19581.670144578304,35.365655760000
2022,10,18,11,55,19581.269126819123,18.957202740000
2022,10,18,11,56,19574.887983539098,21.784446520000
2022,10,18,11,57,19567.5787244898,10.347580250000
2022,10,18,11,58,19569.67749253731,8.427064719999
2022,10,18,11,59,19565.324186046506,8.606200049999
2022,10,18,12,0,19571.327482678986,12.265595119999
2022,10,18,12,1,19576.127241379323,12.786153139999
2022,10,18,12,2,19570.58957654724,10.090963939999
2022,10,18,12,3,19579.2395064935,9.188945659999
2022,10,18,12,4,19579.216111111127,17.789799769999
2022,10,18,12,5,19577.92947743466,10.641967819999
2022,10,18,12,6,19580.61254113346,16.311263089999
2022,10,18,12,7,19583.888256410264,14.184950859999
2022,10,18,12,8,19585.70617437719,20.138536080000
2022,10,18,12,9,19588.86634315423,24.311649060000
2022,10,18,12,10,19593.134546783607,44.297387679999
2022,10,18,12,11,19601.53754189943,45.207754539999
2022,10,18,12,12,19601.656615384632,17.463761290000
2022,10,18,12,13,19602.41275252524,16.678668370000
2022,10,18,12,14,19602.767639593894,15.463617839999
2022,10,18,12,15,19598.530043956045,15.254729619999
2022,10,18,12,16,19597.546333333346,11.502717089999
2022,10,18,12,17,19603.736794871784,22.296604050000
2022,10,18,12,18,19596.935389049,12.202887639999
2022,10,18,12,19,19585.219059080962,23.867715890000
2022,10,18,12,20,19589.99935412025,10.894478169999
2022,10,18,12,21,19592.18603603604,10.982789759999
2022,10,18,12,22,19584.333087071263,8.23356129
2022,10,18,12,23,19580.37807692308,10.288494339999
2022,10,18,12,24,19578.28027918783,14.535839719999
2022,10,18,12,25,19583.36848635234,8.552706469999
2022,10,18,12,26,19589.419075144506,8.752620619999
2022,10,18,12,27,19590.719889196687,8.231366749999
2022,10,18,12,28,19594.187783375317,8.665125909999
2022,10,18,12,29,19599.196155088848,18.369371709999
2022,10,18,12,30,19600.038413098242,14.967116550000
2022,10,18,12,31,19603.258350305496,13.554453209999
2022,10,18,12,32,19608.7103125,28.661561220000
2022,10,18,12,33,19611.44315094338,26.333383060000
2022,10,18,12,34,19607.05442776737,21.917367570000
2022,10,18,12,35,19606.92386597936,9.195180569999
2022,10,18,12,36,19602.89931428567,18.703023389999
2022,10,18,12,37,19605.15278026905,10.115115139999
2022,10,18,12,38,19612.766334310836,31.123150050000
2022,10,18,12,39,19614.348497267758,8.716939209999
2022,10,18,12,40,19616.03376811595,8.194472240000
2022,10,18,12,41,19617.40567639258,11.442053559999
2022,10,18,12,42,19616.042868852477,13.878445799999
2022,10,18,12,43,19606.98724598929,15.499377709999
2022,10,18,12,44,19606.606356382978,10.398377099999
2022,10,18,12,45,19608.719339407755,14.289158369999
2022,10,18,12,46,19605.0823112128,11.722500569999
2022,10,18,12,47,19596.87949008499,11.822470939999
2022,10,18,12,48,19589.558783185825,10.085472639999
2022,10,18,12,49,19594.227364341084,11.355637949999
2022,10,18,12,50,19599.092871900837,20.702506570000
2022,10,18,12,51,19604.908459595972,12.392393079999
2022,10,18,12,52,19613.901369637,24.506621289999
2022,10,18,12,53,19619.024936708836,24.495748840000
2022,10,18,12,54,19620.312003338902,18.266617340000
2022,10,18,12,55,19638.265109589003,34.144845540000
2022,10,18,12,56,19632.295000000002,11.494412519999
2022,10,18,12,57,19638.757505070986,11.543546459999
2022,10,18,12,58,19635.901132075454,27.152868380000
2022,10,18,12,59,19634.816978967505,20.234567060000
2022,10,18,13,0,19636.77843014131,23.193075980000
2022,10,18,13,1,19635.385065789465,10.564938419999
2022,10,18,13,2,19631.28151436033,13.281526379999
2022,10,18,13,3,19623.534810126595,20.623560859999
2022,10,18,13,4,19622.712607709745,12.012000210000
2022,10,18,13,5,19621.644524312924,9.594533779999
2022,10,18,13,6,19616.98097130243,7.291184439999
2022,10,18,13,7,19619.40597609562,4.913177559999
2022,10,18,13,8,19621.838893617034,15.510504049999
2022,10,18,13,9,19621.498425720623,21.767468070000
2022,10,18,13,10,19620.90631578949,4.918081089999
2022,10,18,13,11,19624.692350119905,9.551492639999
2022,10,18,13,12,19628.626273584905,10.142935129999
2022,10,18,13,13,19620.724352159454,15.918472119999
2022,10,18,13,14,19605.59006462032,44.944186759999
2022,10,18,13,15,19595.516956521715,39.696377069999
2022,10,18,13,16,19598.772171052606,17.261346899999
2022,10,18,13,17,19605.454141414142,11.167774319999
2022,10,18,13,18,19604.647267267275,7.680046399999
2022,10,18,13,19,19604.318532110083,10.614587359999
2022,10,18,13,20,19607.45327790973,12.847942809999
2022,10,18,13,21,19617.457613412225,13.750542359999
2022,10,18,13,22,19628.418103448286,22.053639960000
2022,10,18,13,23,19627.975648312604,18.435177399999
2022,10,18,13,24,19631.293437500048,24.233720670000
2022,10,18,13,25,19642.723019390593,31.431194660000
2022,10,18,13,26,19654.26876373626,37.266536369999
2022,10,18,13,27,19642.720743944643,16.142527279999
2022,10,18,13,28,19656.556968174198,30.268114010000
2022,10,18,13,29,19648.273186813196,9.915635719999
2022,10,18,13,30,19657.360480874348,24.745631270000
2022,10,18,13,31,19665.790336134447,35.208672370000
2022,10,18,13,32,19663.520515463922,26.445785160000
2022,10,18,13,33,19664.650114822554,35.284697050000
2022,10,18,13,34,19636.5510968922,45.159227549999
2022,10,18,13,35,19632.765880758823,50.191708469999
2022,10,18,13,36,19632.206025641,52.065412389999
2022,10,18,13,37,19624.248934426207,24.126987060000
2022,10,18,13,38,19616.49079261672,28.016950780000
2022,10,18,13,39,19610.041662679432,29.392204200000
2022,10,18,13,40,19589.09605033879,52.042729649999
2022,10,18,13,41,19569.349151291502,38.962835119999
2022,10,18,13,42,19570.52139344264,41.477721489999
2022,10,18,13,43,19580.991678321694,37.964131430000
2022,10,18,13,44,19591.434606598996,34.546283640000
2022,10,18,13,45,19575.239854423315,46.839992079999
2022,10,18,13,46,19569.79912993042,34.699468850000
2022,10,18,13,47,19573.272043422716,45.060977570000
2022,10,18,13,48,19575.241316425112,50.328399209999
2022,10,18,13,49,19582.24145685994,28.637628140000
2022,10,18,13,50,19591.31905844158,25.473892380000
2022,10,18,13,51,19591.780058823533,261.45773433
2022,10,18,13,52,19586.68456973291,36.132915830000
2022,10,18,13,53,19576.657960927954,44.884452450000
2022,10,18,13,54,19547.17919554459,31.367584479999
2022,10,18,13,55,19554.43763586958,16.485755539999
2022,10,18,13,56,19562.612050078256,11.257137279999
2022,10,18,13,57,19558.005814931596,98.751584939999
2022,10,18,13,58,19543.17407325194,35.734631180000
2022,10,18,13,59,19540.4743189755,38.064293370000
2022,10,18,14,0,19549.985762195163,49.355605859999
2022,10,18,14,1,19559.892246696014,16.665658119999
2022,10,18,14,2,19561.439587482208,14.883237410000
2022,10,18,14,3,19568.077207062644,17.3075708
2022,10,18,14,4,19560.162960687943,23.529311460000
2022,10,18,14,5,19557.514026143792,23.941889889999
2022,10,18,14,6,19554.394232456092,17.603249229999
2022,10,18,14,7,19549.111719394805,20.228252190000
2022,10,18,14,8,19550.305597315422,16.577593410000
2022,10,18,14,9,19563.04930257509,29.782010270000
2022,10,18,14,10,19564.828681757648,12.573756109999
2022,10,18,14,11,19564.455117449666,12.638483339999
2022,10,18,14,12,19564.57835714284,25.951501480000
2022,10,18,14,13,19563.099584905667,24.766828570000
2022,10,18,14,14,19560.224999999995,31.192969120000
2022,10,18,14,15,19551.165886287625,56.679561300000
2022,10,18,14,16,19527.697600749772,45.493543849999
2022,10,18,14,17,19524.1277265745,26.584788540000
2022,10,18,14,18,19533.8083649789,26.929007740000
2022,10,18,14,19,19525.985353634554,56.530159679999
2022,10,18,14,20,19524.045328431326,227.891999790000
2022,10,18,14,21,19513.90019867549,203.428990140000
2022,10,18,14,22,19502.793161290287,46.825551060000
2022,10,18,14,23,19492.75285714296,129.458168779999
2022,10,18,14,24,19478.836409284708,400.335002690000
2022,10,18,14,25,19485.72093076049,52.707783799999
2022,10,18,14,26,19493.747121046887,51.946653050000
2022,10,18,14,27,19501.079304964518,25.660969480000
2022,10,18,14,28,19495.44832469775,10.791670529999
2022,10,18,14,29,19485.258843930624,11.192222459999
2022,10,18,14,30,19463.585957661315,47.073253079999
2022,10,18,14,31,19424.67589743588,73.572627859999
2022,10,18,14,32,19398.021308699,90.544825960000
2022,10,18,14,33,19410.813652482284,45.962348859999
2022,10,18,14,34,19412.054094401752,33.704810600000
2022,10,18,14,35,19416.880317273753,43.86794465
2022,10,18,14,36,19406.621070063695,31.844003420000
2022,10,18,14,37,19383.1783375959,65.288850019999
2022,10,18,14,38,19393.558740331508,40.68928426
2022,10,18,14,39,19392.020141010562,34.197062510000
2022,10,18,14,40,19394.804951456295,25.771007950000
2022,10,18,14,41,19422.96261241969,53.426155239999
2022,10,18,14,42,19436.830758807573,23.485448630000
2022,10,18,14,43,19436.888469945363,26.559050570000
2022,10,18,14,44,19443.828852223807,21.798023679999
2022,10,18,14,45,19433.79409722222,17.529599739999
2022,10,18,14,46,19432.210641247806,19.100092090000
2022,10,18,14,47,19438.011304964562,20.307690360000
2022,10,18,14,48,19462.143238095254,22.359537230000
2022,10,18,14,49,19455.471381475683,16.402136560000
2022,10,18,14,50,19436.69818417634,25.196514350000
2022,10,18,14,51,19433.536939163518,22.360719900000
2022,10,18,14,52,19437.82056140351,26.761960369999
2022,10,18,14,53,19433.951252408475,19.197209150000
2022,10,18,14,54,19435.10150375941,9.843158410000
2022,10,18,14,55,19433.683503759454,21.524321420000
2022,10,18,14,56,19422.15934947051,30.862247390000
2022,10,18,14,57,19430.855828779622,17.004544090000
2022,10,18,14,58,19427.323727915184,19.283879160000
2022,10,18,14,59,19418.29962432917,19.348402550000
2022,10,18,15,0,19404.46050306749,50.011967419999
2022,10,18,15,1,19413.005261744987,34.317299240000
2022,10,18,15,2,19428.40602118005,27.469455080000
2022,10,18,15,3,19439.875073746345,22.977435610000
2022,10,18,15,4,19442.35122778675,21.219338960000
2022,10,18,15,5,19438.092570532906,24.432364490000
2022,10,18,15,6,19421.04021052632,23.470629010000
2022,10,18,15,7,19398.231201501898,44.281762070000
2022,10,18,15,8,19391.890260521046,21.150780729999
2022,10,18,15,9,19398.35769953053,19.550940670000
2022,10,18,15,10,19404.30879003557,20.496252230000
2022,10,18,15,11,19405.915609756084,26.814567479999
2022,10,18,15,12,19371.914101620037,77.569901229999
2022,10,18,15,13,19358.231288723662,54.027642949999
2022,10,18,15,14,19368.277664756446,36.288463260000
2022,10,18,15,15,19356.488779220806,35.090377070000
2022,10,18,15,16,19345.955226960097,26.922736910000
2022,10,18,15,17,19345.176053811665,30.090029340000
2022,10,18,15,18,19369.30348508635,32.519887760000
2022,10,18,15,19,19369.967559429475,28.318426400000
2022,10,18,15,20,19351.1850200803,32.937311540000
2022,10,18,15,21,19336.5396004206,53.246560049999
2022,10,18,15,22,19346.039804618144,22.396831300000
2022,10,18,15,23,19360.78449931415,30.251356230000
2022,10,18,15,24,19342.17376470591,43.624160210000
2022,10,18,15,25,19333.19386842107,40.624971059999
2022,10,18,15,26,19338.463038674043,48.986118569999
2022,10,18,15,27,19346.87468978103,35.252620000000
2022,10,18,15,28,19335.408899858954,37.067529910000
2022,10,18,15,29,19344.488243243286,27.668256320000
2022,10,18,15,30,19335.082826362526,48.088943829999
2022,10,18,15,31,19326.14280341882,32.525837280000
2022,10,18,15,32,19336.20341867473,47.174018199999
2022,10,18,15,33,19348.539706703923,40.035860390000
2022,10,18,15,34,19346.00409861325,36.16512256
2022,10,18,15,35,19344.80043352604,30.516991060000
2022,10,18,15,36,19327.91956030153,38.112461460000
2022,10,18,15,37,19326.03458955224,29.142214260000
2022,10,18,15,38,19319.79230769228,42.622132849999
2022,10,18,15,39,19324.495115273785,46.640826449999
2022,10,18,15,40,19322.638618421046,38.825133879999
2022,10,18,15,41,19309.46044131455,115.879739400000
2022,10,18,15,42,19296.391113610774,73.554798190000
2022,10,18,15,43,19292.97396825395,57.263436240000
2022,10,18,15,44,19302.89813504824,60.539738839999
2022,10,18,15,45,19325.181901041688,59.890063929999
2022,10,18,15,46,19329.743782383415,50.526854229999
2022,10,18,15,47,19337.414543010764,44.81825833
2022,10,18,15,48,19344.693485915504,32.330320190000
2022,10,18,15,49,19343.579794721387,32.850131480000
2022,10,18,15,50,19335.5467171717,55.498596800000
2022,10,18,15,51,19339.274128289526,41.50968908
2022,10,18,15,52,19353.9073993289,14.874242879999
2022,10,18,15,53,19366.78326498423,27.642329590000
2022,10,18,15,54,19367.782786596108,24.622855230000
2022,10,18,15,55,19351.421872213963,30.947222150000
2022,10,18,15,56,19344.257722772312,28.185331760000
2022,10,18,15,57,19347.642379182165,23.782460950000
2022,10,18,15,58,19357.60889848811,27.255266489999
2022,10,18,15,59,19366.93496309962,24.251652210000
2022,10,18,16,0,19365.80454293631,48.711996539999
2022,10,18,16,1,19360.878506944442,28.810571090000
2022,10,18,16,2,19362.917705223885,29.663753600000
2022,10,18,16,3,19368.620884955748,18.713048250000
2022,10,18,16,4,19373.584535147424,13.082940899999
2022,10,18,16,5,19370.089962756087,22.580214470000
2022,10,18,16,6,19370.491158021698,79.945821959999
2022,10,18,16,7,19347.127944899472,275.385883599999
2022,10,18,16,8,19376.11585365857,68.141819609999
2022,10,18,16,9,19388.65626728115,23.200399280000
2022,10,18,16,10,19386.855658409375,38.708028370000
2022,10,18,16,11,19386.337366255135,15.005998889999
2022,10,18,16,12,19391.729089552242,32.379804990000
2022,10,18,16,13,19395.417466843475,38.323327220000
2022,10,18,16,14,19393.731476923094,27.823487890000
2022,10,18,16,15,19393.79561386139,50.535020169999
2022,10,18,16,16,19390.945513307965,45.170102820000
2022,10,18,16,17,19413.216224315096,201.22377311
2022,10,18,16,18,19422.217176602924,57.457735949999
2022,10,18,16,19,19422.322412280686,26.104937240000
2022,10,18,16,20,19403.347122507115,27.689139440000
2022,10,18,16,21,19392.302363636398,13.571077110000
2022,10,18,16,22,19382.435549132933,15.584270629999
2022,10,18,16,23,19383.39538596493,38.783658160000
2022,10,18,16,24,19375.488932238186,14.027588260000
2022,10,18,16,25,19366.458903508785,12.805843519999
2022,10,18,16,26,19369.571405835544,7.833963049999
2022,10,18,16,27,19370.985700245685,17.984652020000
2022,10,18,16,28,19380.77136150237,11.305296649999
2022,10,18,16,29,19373.985537918878,16.436851320000
2022,10,18,16,30,19369.144465811947,16.327749550000
2022,10,18,16,31,19372.97670912953,13.059662200000
2022,10,18,16,32,19374.214776119403,19.025312590000
2022,10,18,16,33,19381.000155339796,19.101700419999
2022,10,18,16,34,19389.29558558559,20.026528129999
2022,10,18,16,35,19401.234921090367,62.316893929999
2022,10,18,16,36,19405.63218451751,37.758041609999
2022,10,18,16,37,19412.283015521087,58.786869220000
2022,10,18,16,38,19415.101762820515,20.604132480000
2022,10,18,16,39,19409.904305283762,11.771855369999
2022,10,18,16,40,19407.537655068023,21.766991439999
2022,10,18,16,41,19414.432466539205,12.536958860000
2022,10,18,16,42,19421.625810810798,19.559431070000
2022,10,18,16,43,19419.496307977744,10.806818559999
2022,10,18,16,44,19409.60979527559,25.541986740000
2022,10,18,16,45,19398.11614525141,20.895930759999
2022,10,18,16,46,19403.557560483885,18.095795660000
2022,10,18,16,47,19402.45184466021,12.2600592
2022,10,18,16,48,19405.532229885004,12.544995519999
2022,10,18,16,49,19414.036689342414,11.987806060000
2022,10,18,16,50,19422.167405913984,22.147344490000
2022,10,18,16,51,19423.005048701325,26.548886040000
2022,10,18,16,52,19416.31916932908,34.761806630000
2022,10,18,16,53,19417.369241486085,21.905281440000
2022,10,18,16,54,19434.41351961951,33.143156049999
2022,10,18,16,55,19433.421218637974,17.877354839999
2022,10,18,16,56,19431.162210526298,29.140089290000
2022,10,18,16,57,19413.67791208791,21.223848289999
2022,10,18,16,58,19413.318906249995,40.160934249999
2022,10,18,16,59,19415.098080357133,13.117369749999
2022,10,18,17,0,19410.376270053497,68.023304540000
2022,10,18,17,1,19403.484585987237,28.713596139999
2022,10,18,17,2,19407.537099841506,43.186916950000
2022,10,18,17,3,19393.129351145053,45.680572109999
2022,10,18,17,4,19373.125319465045,45.129746750000
2022,10,18,17,5,19382.96650059314,68.967460769999
2022,10,18,17,6,19386.30972457627,13.839140690000
2022,10,18,17,7,19385.414736842125,30.828821030000
2022,10,18,17,8,19397.153202146674,22.617524479999
2022,10,18,17,9,19389.867500000008,21.587722400000
2022,10,18,17,10,19391.31952234206,23.079089079999
2022,10,18,17,11,19399.771644021705,34.538682249999
2022,10,18,17,12,19400.411914893622,19.922405029999
2022,10,18,17,13,19397.20145956606,22.918357950000
2022,10,18,17,14,19402.541076066784,17.290512140000
2022,10,18,17,15,19397.462283298093,13.524070949999
2022,10,18,17,16,19397.31331417626,12.444298489999
2022,10,18,17,17,19398.184953271008,17.640041180000
2022,10,18,17,18,19391.823729508218,16.359169090000
2022,10,18,17,19,19391.87413711584,7.320921189999
2022,10,18,17,20,19396.758812056738,20.006485589999
2022,10,18,17,21,19397.374508196746,15.119485640000
2022,10,18,17,22,19392.89460554369,15.128687669999
2022,10,18,17,23,19388.439999999984,16.630996429999
2022,10,18,17,24,19394.179653679676,25.593626259999
2022,10,18,17,25,19402.63648068669,9.929661109999
2022,10,18,17,26,19404.073350694434,20.240013670000
2022,10,18,17,27,19404.918727272707,13.687416560000
2022,10,18,17,28,19400.12853862214,16.288284800000
2022,10,18,17,29,19399.457772194342,23.488780759999
2022,10,18,17,30,19400.626814814794,12.440866859999
2022,10,18,17,31,19405.32578871206,32.409915279999
2022,10,18,17,32,19408.600683111996,12.600678880000
2022,10,18,17,33,19413.737359477134,24.984205049999
2022,10,18,17,34,19429.71951351348,43.244737270000
2022,10,18,17,35,19432.59261855671,14.349366270000
2022,10,18,17,36,19427.081653666166,22.800852440000
2022,10,18,17,37,19431.57159836065,11.302633379999
2022,10,18,17,38,19425.181559829052,18.200575389999
2022,10,18,17,39,19429.011336116884,14.948269289999
2022,10,18,17,40,19429.69737327189,12.030298169999
2022,10,18,17,41,19419.29360876894,20.543790960000
2022,10,18,17,42,19417.754741200795,9.799233699999
2022,10,18,17,43,19417.977040000045,16.017081300000
2022,10,18,17,44,19414.45223958337,13.5872093
2022,10,18,17,45,19414.429869565207,7.858960419999
2022,10,18,17,46,19405.526972477102,13.892602120000
2022,10,18,17,47,19396.999161554166,12.631156519999
2022,10,18,17,48,19398.327863636358,8.528319969999
2022,10,18,17,49,19398.254614003545,16.942741619999
2022,10,18,17,50,19403.81491935484,9.553639999999
2022,10,18,17,51,19403.868253358927,11.785868880000
2022,10,18,17,52,19401.097469635635,11.340012179999
2022,10,18,17,53,19398.74401477831,12.682966089999
2022,10,18,17,54,19398.206886597956,11.302437379999
2022,10,18,17,55,19400.88532293986,22.893886179999
2022,10,18,17,56,19403.724808612456,15.417203689999
2022,10,18,17,57,19398.701313320835,16.13086642
2022,10,18,17,58,19407.627030567703,10.071343230000
2022,10,18,17,59,19409.091690140856,7.798600769999
2022,10,18,18,0,19407.908971962628,10.467179459999
2022,10,18,18,1,19403.961652046753,28.354020309999
2022,10,18,18,2,19406.600247747738,13.405304270000
2022,10,18,18,3,19387.19628526645,26.079887179999
2022,10,18,18,4,19382.648869395725,14.458534019999
2022,10,18,18,5,19385.299267734543,10.422029949999
2022,10,18,18,6,19388.90173652693,8.849918769999
2022,10,18,18,7,19400.000607476642,6.073184799999
2022,10,18,18,8,19405.941896907214,8.904784639999
2022,10,18,18,9,19397.71866666668,9.670251079999
2022,10,18,18,10,19401.519924953118,39.206639209999
2022,10,18,18,11,19406.235936739657,6.979111089999
2022,10,18,18,12,19406.586580645173,31.123115470000
2022,10,18,18,13,19405.47736842103,5.110429450000
2022,10,18,18,14,19408.10245524296,7.792399209999
2022,10,18,18,15,19399.176908212532,9.058915879999
2022,10,18,18,16,19391.81480874315,24.762529329999
2022,10,18,18,17,19401.804060773502,12.598387789999
2022,10,18,18,18,19403.063582766456,12.950911039999
2022,10,18,18,19,19394.16282527882,13.492999760000
2022,10,18,18,20,19386.792979999955,10.622658810000
2022,10,18,18,21,19387.82994800695,19.057107530000
2022,10,18,18,22,19387.476538461542,5.089726639999
2022,10,18,18,23,19393.510146198827,5.8368905
2022,10,18,18,24,19393.958407960192,12.067153129999
2022,10,18,18,25,19390.02939473686,28.987633460000
2022,10,18,18,26,19384.695012594457,5.671235019999
2022,10,18,18,27,19390.419212253844,9.166217979999
2022,10,18,18,28,19395.9496449704,7.882615699999
2022,10,18,18,29,19399.957045454546,6.805655619999
2022,10,18,18,30,19397.625727002964,7.995551579999
2022,10,18,18,31,19392.93450276242,5.330614799999
2022,10,18,18,32,19386.14416666668,9.456828019999
2022,10,18,18,33,19380.57403341289,10.04228612
2022,10,18,18,34,19373.89279467682,14.042808540000
2022,10,18,18,35,19382.925966981118,7.393854449999
2022,10,18,18,36,19367.46944444444,55.605443540000
2022,10,18,18,37,19335.195997130562,36.291498600000
2022,10,18,18,38,19344.16890350879,41.846101359999
2022,10,18,18,39,19343.93946428572,23.102325079999
2022,10,18,18,40,19345.305729813692,23.126360750000
2022,10,18,18,41,19338.83728215767,16.986028200000
2022,10,18,18,42,19338.22964230172,28.513952260000
2022,10,18,18,43,19329.70661042944,20.474549840000
2022,10,18,18,44,19293.043445078485,82.324867670000
2022,10,18,18,45,19279.22421550094,35.905329970000
2022,10,18,18,46,19263.41181409294,47.080985909999
2022,10,18,18,47,19259.51208566109,29.808155170000
2022,10,18,18,48,19239.710648148164,96.195027670000
2022,10,18,18,49,19254.805346651025,47.364518479999
2022,10,18,18,50,19230.55760233918,38.663036490000
2022,10,18,18,51,19205.369408224713,57.134013359999
2022,10,18,18,52,19194.232518610457,28.902520300000
2022,10,18,18,53,19205.687619047585,23.403687970000
2022,10,18,18,54,19195.175126582246,24.935067480000
2022,10,18,18,55,19184.928420245375,34.117494930000
2022,10,18,18,56,19189.351825273003,20.256277720000
2022,10,18,18,57,19204.16015915122,51.709693139999
2022,10,18,18,58,19211.869489361692,27.676558400000
2022,10,18,18,59,19219.175780669146,44.03660512
2022,10,18,19,0,19190.66210945276,70.988553999999
2022,10,18,19,1,19156.530157325476,83.560078539999
2022,10,18,19,2,19171.749599156108,27.711785050000
2022,10,18,19,3,19178.948838304546,21.280232040000
2022,10,18,19,4,19182.68009118541,29.996197160000
2022,10,18,19,5,19189.325745762704,21.872649690000
2022,10,18,19,6,19174.31688549619,27.324551290000
2022,10,18,19,7,19165.60617449667,24.017792060000
2022,10,18,19,8,19166.387879858656,22.13869563
2022,10,18,19,9,19167.778371335546,28.568642140000
2022,10,18,19,10,19157.855957446794,48.490180460000
2022,10,18,19,11,19152.344389743583,106.817773290000
2022,10,18,19,12,19135.69102380954,47.987216769999
2022,10,18,19,13,19139.99662704308,27.748689210000
2022,10,18,19,14,19137.915796460187,22.615050540000
2022,10,18,19,15,19113.27721793976,83.158588620000
2022,10,18,19,16,19111.1417503805,23.689596070000
2022,10,18,19,17,19137.32410447763,16.144613879999
2022,10,18,19,18,19154.537047308335,19.507202270000
2022,10,18,19,19,19158.533235908115,14.170051119999
2022,10,18,19,20,19142.311155698222,22.936949840000
2022,10,18,19,21,19120.161130434804,24.450314390000
2022,10,18,19,22,19106.434927916136,39.250527949999
2022,10,18,19,23,19120.83186186182,30.779313860000
2022,10,18,19,24,19121.219697986606,18.356273300000
2022,10,18,19,25,19110.32490483162,26.631879150000
2022,10,18,19,26,19116.52352517988,16.219721390000
2022,10,18,19,27,19121.48064386315,18.912593450000
2022,10,18,19,28,19136.15189781022,22.662966160000
2022,10,18,19,29,19152.218871715617,27.490025230000
2022,10,18,19,30,19151.54755305864,27.001204450000
2022,10,18,19,31,19177.474193548387,43.99005453
2022,10,18,19,32,19192.491430842598,22.406513579999
2022,10,18,19,33,19191.8676366843,21.297083080000
2022,10,18,19,34,19197.028122743675,25.014594050000
2022,10,18,19,35,19180.778554744506,25.807383800000
2022,10,18,19,36,19169.575538720543,27.146983430000
2022,10,18,19,37,19168.941953642407,32.931277000000
2022,10,18,19,38,19178.738472222216,10.07500563
2022,10,18,19,39,19192.176597222275,23.448433070000
2022,10,18,19,40,19188.90159090906,16.025802059999
2022,10,18,19,41,19193.736557059925,19.555502340000
2022,10,18,19,42,19197.044253246742,36.695233029999
2022,10,18,19,43,19201.957981510015,24.542821320000
2022,10,18,19,44,19206.113536036035,15.015825249999
2022,10,18,19,45,19200.465913371016,20.223443900000
2022,10,18,19,46,19202.45002217295,30.668238590000
2022,10,18,19,47,19199.859510869534,11.378986879999
2022,10,18,19,48,19197.641921487593,19.505029620000
2022,10,18,19,49,19201.670532859665,16.243378250000
2022,10,18,19,50,19206.717702702746,88.734656830000
2022,10,18,19,51,19205.70548223351,15.096384909999
2022,10,18,19,52,19203.543570019705,22.659577610000
2022,10,18,19,53,19202.155242494213,11.258353549999
2022,10,18,19,54,19196.180337301616,11.719321259999
2022,10,18,19,55,19186.332833052315,19.419225260000
2022,10,18,19,56,19188.906046025102,12.348203509999
2022,10,18,19,57,19201.999386363615,10.269080020000
2022,10,18,19,58,19203.16992063493,9.924153919999
2022,10,18,19,59,19215.152220689673,22.160250040000
2022,10,18,20,0,19221.93123509376,181.087771409999
2022,10,18,20,1,19221.882214941033,57.714813999999
2022,10,18,20,2,19230.501030927855,21.807479180000
2022,10,18,20,3,19260.447666263626,40.750491380000
2022,10,18,20,4,19278.97039589442,20.183871449999
2022,10,18,20,5,19271.177869634354,25.324198310000
2022,10,18,20,6,19274.578921775912,13.834365179999
2022,10,18,20,7,19265.73720739219,10.358764409999
2022,10,18,20,8,19253.55113043475,15.877784899999
2022,10,18,20,9,19262.535700389108,10.517650679999
2022,10,18,20,10,19254.227260788015,24.767827969999
2022,10,18,20,11,19262.220222222197,10.647235809999
2022,10,18,20,12,19269.101877192963,29.744049500000
2022,10,18,20,13,19262.280764587555,15.289427599999
2022,10,18,20,14,19253.59803308824,12.47500964
2022,10,18,20,15,19260.43227571118,8.884208099999
2022,10,18,20,16,19267.596352941207,4.213409419999
2022,10,18,20,17,19286.460110062904,14.527492409999
2022,10,18,20,18,19299.03922401169,15.637551929999
2022,10,18,20,19,19298.1167061144,13.233676409999
2022,10,18,20,20,19298.873154069755,12.937403509999
2022,10,18,20,21,19292.018392036734,8.325161899999
2022,10,18,20,22,19292.18695331697,4.779298720000
2022,10,18,20,23,19293.45191489361,5.217004970000
2022,10,18,20,24,19294.31696821516,4.375552349999
2022,10,18,20,25,19293.688008385758,4.333560069999
2022,10,18,20,26,19293.00822616409,11.234279780000
2022,10,18,20,27,19285.948921568644,5.725756259999
2022,10,18,20,28,19290.862191011263,4.300913949999
2022,10,18,20,29,19292.267770419454,2.414210629999
2022,10,18,20,30,19297.73822580644,6.495117339999
2022,10,18,20,31,19289.665015384628,12.435555420000
2022,10,18,20,32,19289.548821292807,9.797105439999
2022,10,18,20,33,19294.704236760106,3.812502899999
2022,10,18,20,34,19299.873325471697,5.618173999999
2022,10,18,20,35,19292.241261682248,8.920760069999
2022,10,18,20,36,19287.64079320115,3.589883619999
2022,10,18,20,37,19289.05966101692,7.236332390000
2022,10,18,20,38,19287.826433734943,5.744265309999
2022,10,18,20,39,19293.316094420603,11.702061039999
2022,10,18,20,40,19308.74895800932,19.604905169999
2022,10,18,20,41,19359.06859387274,101.391940190000
2022,10,18,20,42,19407.999498777524,55.331887699999
2022,10,18,20,43,19399.581404494355,14.074079300000
2022,10,18,20,44,19391.908255395687,27.835765240000
2022,10,18,20,45,19397.061508515817,9.044388789999
2022,10,18,20,46,19418.462973395945,35.40794518
2022,10,18,20,47,19421.22376213593,12.937575259999
2022,10,18,20,48,19408.14594752187,7.053723049999
2022,10,18,20,49,19391.812535211277,17.783134899999
2022,10,18,20,50,19399.10848812098,16.58389583
2022,10,18,20,51,19383.96317016315,7.587735709999
2022,10,18,20,52,19370.403275109173,14.119251360000
2022,10,18,20,53,19370.61536697245,10.670164379999
2022,10,18,20,54,19366.042094455843,9.08308963
2022,10,18,20,55,19374.784586956535,10.791848569999
2022,10,18,20,56,19373.981939393958,3.848068879999
2022,10,18,20,57,19366.06861952859,4.247755239999
2022,10,18,20,58,19372.2511680328,14.284709379999
2022,10,18,20,59,19367.460326975477,21.935196780000
2022,10,18,21,0,19370.012573363452,8.415068789999
2022,10,18,21,1,19373.92725663718,3.455430409999
2022,10,18,21,2,19369.508593750008,4.053601109999
2022,10,18,21,3,19359.950399999998,4.715799609999
2022,10,18,21,4,19357.343392226132,4.389900679999
2022,10,18,21,5,19358.08636363636,41.067188800000
2022,10,18,21,6,19349.2719203747,14.462807729999
2022,10,18,21,7,19339.0342201835,9.73838578
2022,10,18,21,8,19328.588053830204,9.238211459999
2022,10,18,21,9,19311.68475689887,15.51672965
2022,10,18,21,10,19305.977303754273,17.803551910000
2022,10,18,21,11,19325.685946547874,14.518022169999
2022,10,18,21,12,19329.967898550745,4.509859059999
2022,10,18,21,13,19328.869166666682,3.200318020000
2022,10,18,21,14,19330.64106896552,4.667067719999
2022,10,18,21,15,19327.894499999984,2.266939659999
2022,10,18,21,16,19334.94154385965,2.928058969999
2022,10,18,21,17,19336.068837209285,3.191759499999
2022,10,18,21,18,19340.537912087915,2.213404770000
2022,10,18,21,19,19337.70231818182,3.868526259999
2022,10,18,21,20,19335.760299251866,11.678800009999
2022,10,18,21,21,19323.770167785256,6.723095850000
2022,10,18,21,22,19320.30013071896,4.570069819999
2022,10,18,21,23,19323.896911764714,8.61682484
2022,10,18,21,24,19320.75454212454,5.19917709
2022,10,18,21,25,19312.22378378379,6.017796809999
2022,10,18,21,26,19305.797198795182,14.608400989999
2022,10,18,21,27,19271.480651340997,11.46458546
2022,10,18,21,28,19242.08776344091,12.427835289999
2022,10,18,21,29,19271.568712446344,16.875682230000
2022,10,18,21,30,19265.62066350711,2.989813780000
2022,10,18,21,31,19243.569354304647,14.742151069999
2022,10,18,21,32,19262.361974248903,2.743552719999
2022,10,18,21,33,19261.305462427754,5.833557179999
2022,10,18,21,34,19268.1466515837,5.105992059999
2022,10,18,21,35,19290.62559164733,3.976259249999
2022,10,18,21,36,19293.61779467686,8.477724159999
2022,10,18,21,37,19291.018911174764,4.638689310000
2022,10,18,21,38,19289.83759740259,4.671337869999
2022,10,18,21,39,19291.452302631584,3.317844969999
2022,10,18,21,40,19290.524489051113,3.156615089999
2022,10,18,21,41,19290.223439803412,7.461513999999
2022,10,18,21,42,19302.934253112035,15.557298779999
2022,10,18,21,43,19307.70632996634,5.814097299999
2022,10,18,21,44,19300.498260869546,2.08528861
2022,10,18,21,45,19304.618123620337,7.924740379999
2022,10,18,21,46,19312.770032573302,2.076767330000
2022,10,18,21,47,19319.73659442727,2.624183999999
2022,10,18,21,48,19316.50841121496,1.616764229999
2022,10,18,21,49,19313.241212121236,1.655398630000
2022,10,18,21,50,19312.756418604647,1.019180490000
2022,10,18,21,51,19301.121318681304,12.538891149999
2022,10,18,21,52,19297.625628415313,17.421514759999
2022,10,18,21,53,19298.500378548888,3.771737779999
2022,10,18,21,54,19297.100588235302,2.431297459999
2022,10,18,21,55,19295.77095693779,1.37218234
2022,10,18,21,56,19286.351519337026,6.109657499999
2022,10,18,21,57,19283.206073825502,4.110489669999
2022,10,18,21,58,19295.081370262364,8.583838740000
2022,10,18,21,59,19302.531808318232,11.484670450000
2022,10,18,22,0,19280.93840950639,15.34060765
2022,10,18,22,1,19270.454749034736,12.563824029999
2022,10,18,22,2,19281.657433962282,18.592589729999
2022,10,18,22,3,19281.828941684707,8.811168679999
2022,10,18,22,4,19285.875010570824,14.014416169999
2022,10,18,22,5,19297.678512930997,16.610231229999
2022,10,18,22,6,19297.413986486517,8.504649619999
2022,10,18,22,7,19302.165485008805,16.384750489999
2022,10,18,22,8,19283.349507042254,61.633869369999
2022,10,18,22,9,19269.390847826104,16.278870029999
2022,10,18,22,10,19273.335714285728,9.422057119999
2022,10,18,22,11,19284.477462686576,12.483366529999
2022,10,18,22,12,19289.327138461565,8.067739170000
2022,10,18,22,13,19286.07444444443,2.114889369999
2022,10,18,22,14,19282.01754629628,5.112088179999
2022,10,18,22,15,19278.12675958185,13.7038473
2022,10,18,22,16,19278.386564417164,4.09170659
2022,10,18,22,17,19288.927191780815,28.258559029999
2022,10,18,22,18,19284.937403846125,25.820563970000
2022,10,18,22,19,19276.593883299804,7.695520859999
2022,10,18,22,20,19270.179688311684,6.786827709999
2022,10,18,22,21,19265.6815601023,10.001797139999
2022,10,18,22,22,19271.47039164491,7.818737979999
2022,10,18,22,23,19278.856607594967,16.63833074
2022,10,18,22,24,19284.12504132231,7.490626240000
2022,10,18,22,25,19281.154447592064,6.505945739999
2022,10,18,22,26,19281.876745562146,7.133075620000
2022,10,18,22,27,19292.591206896537,18.535427949999
2022,10,18,22,28,19297.554373716637,28.630709140000
2022,10,18,22,29,19302.38150743102,25.047432699999
2022,10,18,22,30,19298.36613712374,26.646835930000
2022,10,18,22,31,19300.15870056499,5.790283929999
2022,10,18,22,32,19296.047873563235,4.875942249999
2022,10,18,22,33,19286.906375404506,6.563986929999
2022,10,18,22,34,19284.496063492086,2.112904439999
2022,10,18,22,35,19287.455999999973,4.133085759999
2022,10,18,22,36,19294.044785478553,6.686799250000
2022,10,18,22,37,19287.193563474422,16.396131490000
2022,10,18,22,38,19283.714518950455,4.886720769999
2022,10,18,22,39,19284.39908376963,8.981492820000
2022,10,18,22,40,19294.143523316034,10.075413530000
2022,10,18,22,41,19297.85904458601,4.179850829999
2022,10,18,22,42,19304.28724137931,7.234951680000
2022,10,18,22,43,19305.275735660834,10.892504460000
2022,10,18,22,44,19307.7818991098,7.685178010000
2022,10,18,22,45,19304.544424552427,12.069603869999
2022,10,18,22,46,19301.716428571428,6.649270690000
2022,10,18,22,47,19303.82348623854,5.881478499999
2022,10,18,22,48,19304.693587301594,6.014294990000
2022,10,18,22,49,19310.594175365346,12.578676589999
2022,10,18,22,50,19315.969709543584,11.599449989999
2022,10,18,22,51,19325.89521459228,15.769327959999
2022,10,18,22,52,19330.815243553017,11.287296659999
2022,10,18,22,53,19328.04216710184,5.066086350000
2022,10,18,22,54,19327.1446987952,4.118108659999
2022,10,18,22,55,19326.107095709594,4.858325979999
2022,10,18,22,56,19326.10891495602,6.183693750000
2022,10,18,22,57,19327.484354067,1.6814997
2022,10,18,22,58,19323.054224422445,6.827519900000
2022,10,18,22,59,19321.213692307683,6.615516849999
2022,10,18,23,0,19331.509722772284,6.494458019999
2022,10,18,23,1,19326.25614213198,16.979048869999
2022,10,18,23,2,19319.87145833332,3.954577389999
2022,10,18,23,3,19318.4649211909,8.750957269999
2022,10,18,23,4,19316.68448577683,7.246390079999
2022,10,18,23,5,19312.790950819668,14.314052189999
2022,10,18,23,6,19312.42982630273,9.565044239999
2022,10,18,23,7,19322.91791788862,29.338686080000
2022,10,18,23,8,19341.93909810129,23.738760980000
2022,10,18,23,9,19338.128371212126,20.643616470000
2022,10,18,23,10,19350.614696356308,18.662562739999
2022,10,18,23,11,19347.615798816572,12.399422809999
2022,10,18,23,12,19351.02568998112,12.577802189999
2022,10,18,23,13,19353.243723653402,9.873910309999
2022,10,18,23,14,19362.143938848938,16.783897239999
2022,10,18,23,15,19363.719325842732,13.798410389999
2022,10,18,23,16,19353.29670886075,20.919445320000
2022,10,18,23,17,19349.106425702797,11.902865399999
2022,10,18,23,18,19343.756879795405,3.862643599999
2022,10,18,23,19,19344.00737704919,4.055125689999
2022,10,18,23,20,19346.838264014452,19.732169560000
2022,10,18,23,21,19345.230997229926,8.074517719999
2022,10,18,23,22,19345.63110576926,10.599272469999
2022,10,18,23,23,19343.508689655177,8.35832888
2022,10,18,23,24,19337.58890109891,9.484324780000
2022,10,18,23,25,19338.56729857818,11.951288389999
2022,10,18,23,26,19338.773772609813,8.562709049999
2022,10,18,23,27,19338.625921787687,10.495050120000
2022,10,18,23,28,19338.97179271709,6.346271679999
2022,10,18,23,29,19334.21451025056,10.217405189999
2022,10,18,23,30,19328.636880466474,5.194600459999
2022,10,18,23,31,19337.81864745011,8.984116590000
2022,10,18,23,32,19341.01409240924,10.487533749999
2022,10,18,23,33,19347.38327365728,11.663384579999
2022,10,18,23,34,19357.97716867472,16.762825019999
2022,10,18,23,35,19353.183483365945,26.039949480000
2022,10,18,23,36,19352.47748908298,10.743981799999
2022,10,18,23,37,19342.86311345648,6.766013939999
2022,10,18,23,38,19344.36536159601,10.699540499999
2022,10,18,23,39,19343.734986876647,10.094982409999
2022,10,18,23,40,19338.67297082229,9.254060459999
2022,10,18,23,41,19337.592631578947,9.926275579999
2022,10,18,23,42,19338.60117416833,19.614216050000
2022,10,18,23,43,19332.95009360375,21.093464890000
2022,10,18,23,44,19337.21384615384,3.325571709999
2022,10,18,23,45,19337.114474327627,13.011428199999
2022,10,18,23,46,19343.456666666676,12.926480089999
2022,10,18,23,47,19349.650134048246,8.91781221
2022,10,18,23,48,19351.40719576723,4.814289920000
2022,10,18,23,49,19356.934269911497,8.255632059999
2022,10,18,23,50,19354.512118055547,2.931602979999
2022,10,18,23,51,19355.520343642616,4.644096269999
2022,10,18,23,52,19356.775751978843,2.808261859999
2022,10,18,23,53,19354.636951871646,12.642297379999
2022,10,18,23,54,19351.969111111106,4.362737419999
2022,10,18,23,55,19340.785688259097,14.968088649999
2022,10,18,23,56,19324.892556237188,16.085906580000
2022,10,18,23,57,19325.717789473696,11.579061809999
2022,10,18,23,58,19330.95185803755,19.133903300000
2022,10,18,23,59,19330.30168749998,5.812476899999
2022,10,19,0,0,19325.76021996614,46.865952129999
2022,10,19,0,1,19336.828411458326,10.850168189999
2022,10,19,0,2,19339.97394833946,22.713164730000
2022,10,19,0,3,19335.79877995644,17.286504709999
2022,10,19,0,4,19340.286923076943,12.345894119999
2022,10,19,0,5,19341.393478260856,14.186639289999
2022,10,19,0,6,19346.276613603535,48.600089129999
2022,10,19,0,7,19337.963293413166,11.341855409999
2022,10,19,0,8,19336.02100719425,6.193657399999
2022,10,19,0,9,19321.10850409837,18.250938149999
2022,10,19,0,10,19299.74462574851,31.526185920000
2022,10,19,0,11,19292.910755711793,20.998073560000
2022,10,19,0,12,19298.74413690476,13.309848439999
2022,10,19,0,13,19291.222276422777,8.038304570000
2022,10,19,0,14,19283.366498951767,13.459329419999
2022,10,19,0,15,19279.598990825667,41.888487709999
2022,10,19,0,16,19272.460780287478,23.297620650000
2022,10,19,0,17,19272.492864864893,10.280328199999
2022,10,19,0,18,19266.858468634662,21.336531730000
2022,10,19,0,19,19278.78461215934,18.343862000000
2022,10,19,0,20,19283.564578947367,10.00486433
2022,10,19,0,21,19274.864162436563,11.077211579999
2022,10,19,0,22,19273.546550218332,13.986220389999
2022,10,19,0,23,19281.384572271374,8.838140839999
2022,10,19,0,24,19286.97304945054,20.011872980000
2022,10,19,0,25,19284.874334600765,6.511406749999
2022,10,19,0,26,19280.97383561643,4.158633249999
2022,10,19,0,27,19287.86456953642,12.012027519999
2022,10,19,0,28,19288.73041666667,5.883158229999
2022,10,19,0,29,19293.168284023654,1.439607329999
2022,10,19,0,30,19298.80337792643,5.645858819999
2022,10,19,0,31,19297.025520361996,4.023690089999
2022,10,19,0,32,19293.369505300376,6.390183439999
2022,10,19,0,33,19284.14686084143,9.447356990000
2022,10,19,0,34,19285.95866459625,7.478110170000
2022,10,19,0,35,19291.05171945701,11.994337629999
2022,10,19,0,36,19294.692507836975,7.168575920000
2022,10,19,0,37,19289.881292134807,10.208935029999
2022,10,19,0,38,19283.974730679143,6.708247270000
2022,10,19,0,39,19280.372724358964,11.992221559999
2022,10,19,0,40,19289.348838475493,12.638145249999
2022,10,19,0,41,19284.567529411746,5.746178860000
2022,10,19,0,42,19282.39184143222,11.290956240000
2022,10,19,0,43,19276.458832684835,6.800120320000
2022,10,19,0,44,19274.10043771044,20.933170700000
2022,10,19,0,45,19270.24745222931,24.729413870000
2022,10,19,0,46,19260.25481865286,31.268338900000
2022,10,19,0,47,19263.921553398075,13.497253289999
2022,10,19,0,48,19263.91621004566,5.695934839999
2022,10,19,0,49,19265.021931166382,15.039762109999
2022,10,19,0,50,19260.528423295433,12.625471429999
2022,10,19,0,51,19265.065248226998,12.066079469999
2022,10,19,0,52,19265.40356321838,17.063518069999
2022,10,19,0,53,19268.834968287563,8.157466070000
2022,10,19,0,54,19259.264124579124,20.087150500000
2022,10,19,0,55,19247.007032181205,27.715204760000
2022,10,19,0,56,19258.938762088947,19.977084970000
2022,10,19,0,57,19256.544072289158,15.373688839999
2022,10,19,0,58,19252.87745679012,21.958787070000
2022,10,19,0,59,19237.432747524774,14.647643249999
2022,10,19,1,0,19230.912679324887,18.841193039999
2022,10,19,1,1,19232.079251207753,24.037564490000
2022,10,19,1,2,19234.06647342998,12.786625279999
2022,10,19,1,3,19237.443821752273,14.402685170000
2022,10,19,1,4,19243.465412474834,16.565558989999
2022,10,19,1,5,19243.387494033428,8.694816420000
2022,10,19,1,6,19254.86378600825,10.450777739999
2022,10,19,1,7,19261.48678423239,12.008400689999
2022,10,19,1,8,19263.922302839128,4.75299835
2022,10,19,1,9,19267.883440366993,8.047190630000
2022,10,19,1,10,19267.475711206916,10.984472549999
2022,10,19,1,11,19265.84216741402,14.142372679999
2022,10,19,1,12,19264.05737945493,6.529559760000
2022,10,19,1,13,19266.850208333348,5.793507600000
2022,10,19,1,14,19270.53623836125,5.201984480000
2022,10,19,1,15,19273.06366890381,8.468479350000
2022,10,19,1,16,19277.02939062501,11.713128209999
2022,10,19,1,17,19280.729752650175,10.391824189999
2022,10,19,1,18,19277.19872509963,8.66814347
2022,10,19,1,19,19279.811656920134,8.506914780000
2022,10,19,1,20,19274.365714285716,8.68412935
2022,10,19,1,21,19270.354278260907,6.600276299999
2022,10,19,1,22,19272.619660678676,7.908648240000
2022,10,19,1,23,19281.68259259258,21.401028860000
2022,10,19,1,24,19285.489203883477,5.714914950000
2022,10,19,1,25,19281.337069271754,7.223415540000
2022,10,19,1,26,19273.598126194996,7.624559260000
2022,10,19,1,27,19264.83288389514,12.363677220000
2022,10,19,1,28,19267.028545816724,8.350621670000
2022,10,19,1,29,19270.977244701375,8.075125539999
2022,10,19,1,30,19284.20278978391,25.947463040000
2022,10,19,1,31,19297.481376306605,10.290579339999
2022,10,19,1,32,19290.77033527693,7.430386270000
2022,10,19,1,33,19294.479327102796,5.710997320000
2022,10,19,1,34,19301.019561904774,5.608484500000
2022,10,19,1,35,19298.430575815742,4.682248119999
2022,10,19,1,36,19309.16840148699,13.613493569999
2022,10,19,1,37,19317.621890080412,18.254219920000
2022,10,19,1,38,19315.714985994313,12.566399779999
2022,10,19,1,39,19321.72404145079,11.278662529999
2022,10,19,1,40,19312.917523680604,10.404649329999
2022,10,19,1,41,19307.29423769516,11.753765989999
2022,10,19,1,42,19310.3723863636,10.475404930000
2022,10,19,1,43,19314.042359346648,7.047131999999
2022,10,19,1,44,19313.569950248755,2.981359929999
2022,10,19,1,45,19310.27720207255,11.404512449999
2022,10,19,1,46,19312.18461864407,3.241715629999
2022,10,19,1,47,19314.502535211293,3.906333559999
2022,10,19,1,48,19318.69750724636,4.413842329999
2022,10,19,1,49,19317.453645833328,2.489127730000
2022,10,19,1,50,19319.055371900824,7.60532971
2022,10,19,1,51,19317.54517499999,6.33509414
2022,10,19,1,52,19312.6003938731,7.760648069999
2022,10,19,1,53,19311.035867507886,5.98235127
2022,10,19,1,54,19316.89953947368,4.326104469999
2022,10,19,1,55,19316.877517985624,2.032553779999
2022,10,19,1,56,19315.350813559315,3.96696172
2022,10,19,1,57,19315.277512562803,6.644587690000
2022,10,19,1,58,19320.43155172414,4.155731129999
2022,10,19,1,59,19316.06852216747,7.948402700000
2022,10,19,2,0,19315.620167865694,7.807995259999
2022,10,19,2,1,19316.88173170732,11.789605519999
2022,10,19,2,2,19312.89603238866,1.719179469999
2022,10,19,2,3,19306.714134831454,7.551273740000
2022,10,19,2,4,19306.026464646475,8.249514569999
2022,10,19,2,5,19304.07020408163,29.474902190000
2022,10,19,2,6,19304.346675,12.961789149999
2022,10,19,2,7,19305.111720000044,4.395290619999
2022,10,19,2,8,19303.18600609755,4.578053359999
2022,10,19,2,9,19295.88138686131,8.168444529999
2022,10,19,2,10,19291.658327868874,3.131683959999
2022,10,19,2,11,19291.28641176472,8.35958387
2022,10,19,2,12,19286.339603960394,9.084860390000
2022,10,19,2,13,19282.805192802025,15.274620339999
2022,10,19,2,14,19289.208083989495,7.006183529999
2022,10,19,2,15,19293.888736059474,6.515849319999
2022,10,19,2,16,19296.50491749177,9.657341289999
2022,10,19,2,17,19290.733948220084,9.858088249999
2022,10,19,2,18,19291.13298969073,3.880732059999
2022,10,19,2,19,19293.234000000015,5.679154339999
2022,10,19,2,20,19291.221491228047,16.855030159999
2022,10,19,2,21,19284.052879746872,8.890915029999
2022,10,19,2,22,19279.413730769247,8.346391779999
2022,10,19,2,23,19276.135982905987,3.250018339999
2022,10,19,2,24,19275.60947955389,3.454229329999
2022,10,19,2,25,19276.382261146504,5.160546960000
2022,10,19,2,26,19275.886580086586,8.776014749999
2022,10,19,2,27,19284.563817204293,4.613336449999
2022,10,19,2,28,19281.898264462798,5.675565189999
2022,10,19,2,29,19277.763519313303,2.1879824
2022,10,19,2,30,19273.268956521744,3.563583099999
2022,10,19,2,31,19278.359139344277,4.615792500000
2022,10,19,2,32,19274.798196347056,14.279023260000
2022,10,19,2,33,19272.679689922476,4.554116999999
2022,10,19,2,34,19270.605964391674,6.398894829999
2022,10,19,2,35,19266.24255813953,4.765347329999
2022,10,19,2,36,19263.183180212014,2.990762369999
2022,10,19,2,37,19267.74445355191,5.417376620000
2022,10,19,2,38,19269.206205673778,4.992506860000
2022,10,19,2,39,19261.848859060414,10.681131579999
2022,10,19,2,40,19255.178224637693,9.938876409999
2022,10,19,2,41,19257.418678414102,5.39064567
2022,10,19,2,42,19263.21902356901,6.166114869999
2022,10,19,2,43,19263.36495454547,3.826571239999
2022,10,19,2,44,19259.334926470594,7.377156890000
2022,10,19,2,45,19257.096959799004,5.7548783
2022,10,19,2,46,19251.77939481265,4.315142299999
2022,10,19,2,47,19253.888102564102,8.413045069999
2022,10,19,2,48,19266.770042016804,7.743524270000
2022,10,19,2,49,19272.52734567902,6.723328979999
2022,10,19,2,50,19272.719365079367,4.921787109999
2022,10,19,2,51,19272.07451178451,3.993219709999
2022,10,19,2,52,19272.578601694924,4.600655780000
2022,10,19,2,53,19271.287727272724,3.245449829999
2022,10,19,2,54,19291.952565905143,34.572111650000
2022,10,19,2,55,19292.018534201954,5.436528729999
2022,10,19,2,56,19288.393805970147,5.577309490000
2022,10,19,2,57,19287.484381625432,5.502749179999
2022,10,19,2,58,19289.372147435897,4.297940789999
2022,10,19,2,59,19291.015596590903,3.535039489999
2022,10,19,3,0,19289.877684887462,7.308277219999
2022,10,19,3,1,19294.967362924293,24.688931410000
2022,10,19,3,2,19294.442499999994,2.464520889999
2022,10,19,3,3,19288.647561728398,8.097503510000
2022,10,19,3,4,19283.349551020394,2.551425639999
2022,10,19,3,5,19279.14104477613,4.43015314
2022,10,19,3,6,19273.435769230764,6.466371390000
2022,10,19,3,7,19265.790168776377,3.763424239999
2022,10,19,3,8,19262.98971698114,17.691228619999
2022,10,19,3,9,19268.46873900293,4.901813559999
2022,10,19,3,10,19271.75049792532,4.591130769999
2022,10,19,3,11,19270.41711711712,2.385076669999
2022,10,19,3,12,19275.67120000002,5.165926760000
2022,10,19,3,13,19267.357398843946,8.517876660000
2022,10,19,3,14,19265.845637982176,5.686771010000
2022,10,19,3,15,19263.447748184022,19.118963309999
2022,10,19,3,16,19261.66396226415,5.545201900000
2022,10,19,3,17,19265.530000000017,10.473528909999
2022,10,19,3,18,19267.998488664958,10.601448729999
2022,10,19,3,19,19275.74597765366,4.893526539999
2022,10,19,3,20,19279.35193430656,2.237753869999
2022,10,19,3,21,19288.411129476564,8.186299649999
2022,10,19,3,22,19290.776236263737,9.302469690000
2022,10,19,3,23,19296.156303854874,27.559040340000
2022,10,19,3,24,19287.583443396223,5.894786140000
2022,10,19,3,25,19283.4501119403,4.169211799999
2022,10,19,3,26,19284.395228070185,3.748490809999
2022,10,19,3,27,19283.58694339621,5.76061141
2022,10,19,3,28,19281.53198275862,2.127360240000
2022,10,19,3,29,19280.53062962962,30.677310300000
2022,10,19,3,30,19275.36973384032,3.17742422
2022,10,19,3,31,19276.044871794897,5.679501660000
2022,10,19,3,32,19278.18542713568,5.698908429999
2022,10,19,3,33,19283.99118181818,5.800628280000
2022,10,19,3,34,19286.89526666668,0.984366870000
2022,10,19,3,35,19289.515746268637,5.296618109999
2022,10,19,3,36,19287.089285714283,5.091249500000
2022,10,19,3,37,19286.958447488596,32.281523249999
2022,10,19,3,38,19284.571780303046,3.188569169999
2022,10,19,3,39,19282.815887096767,1.759137119999
2022,10,19,3,40,19285.016805555555,2.220256749999
2022,10,19,3,41,19292.952510460254,7.650635709999
2022,10,19,3,42,19298.533519553075,2.480273809999
2022,10,19,3,43,19300.730246913587,14.391332479999
2022,10,19,3,44,19296.9105681818,1.383194599999
2022,10,19,3,45,19299.566501901143,5.805023219999
2022,10,19,3,46,19302.5798630137,3.247695539999
2022,10,19,3,47,19295.834031250026,7.200713689999
2022,10,19,3,48,19295.736945454548,6.86763012
2022,10,19,3,49,19297.541779141084,0.94876999
2022,10,19,3,50,19301.76648535566,5.404392800000
2022,10,19,3,51,19298.228876811616,9.772981279999
2022,10,19,3,52,19300.468260869562,5.321017429999
2022,10,19,3,53,19293.061999999994,4.593376460000
2022,10,19,3,54,19294.396301886783,2.343415409999
2022,10,19,3,55,19297.2268,1.951278699999
2022,10,19,3,56,19297.17954128441,1.887546599999
2022,10,19,3,57,19300.05120370372,9.266860930000
2022,10,19,3,58,19293.51847133758,4.457807089999
2022,10,19,3,59,19284.449379310336,7.175620500000
2022,10,19,4,0,19285.159968051103,4.355682179999
2022,10,19,4,1,19290.003511450373,4.551853450000
2022,10,19,4,2,19290.970564263327,13.199610310000
2022,10,19,4,3,19294.669961685824,3.570770309999
2022,10,19,4,4,19291.041470588225,4.935968729999
2022,10,19,4,5,19286.31583038868,10.974301800000
2022,10,19,4,6,19283.302885572135,5.708012879999
2022,10,19,4,7,19285.951093247593,7.357467019999
2022,10,19,4,8,19286.467138263648,15.819813049999
2022,10,19,4,9,19289.02625592419,12.572450079999
2022,10,19,4,10,19285.662862318855,4.411170789999
2022,10,19,4,11,19282.982591362143,4.580096199999
2022,10,19,4,12,19279.20945273633,1.969669480000
2022,10,19,4,13,19277.90577075097,6.942663579999
2022,10,19,4,14,19278.04711864407,4.351650539999
2022,10,19,4,15,19274.530743801653,6.512585120000
2022,10,19,4,16,19279.01142857143,7.795737050000
2022,10,19,4,17,19286.942950819688,3.907387739999
2022,10,19,4,18,19293.55339506172,1.737763409999
2022,10,19,4,19,19298.203789473686,2.77963341
2022,10,19,4,20,19301.4655029586,3.045627839999
2022,10,19,4,21,19304.65710900473,5.761957090000
2022,10,19,4,22,19302.976450000002,5.631623490000
2022,10,19,4,23,19299.584540229876,6.71512534
2022,10,19,4,24,19298.10251968505,8.14871153
2022,10,19,4,25,19295.28785156248,4.096569309999
2022,10,19,4,26,19294.929527027016,9.759806099999
2022,10,19,4,27,19289.966718146716,5.156728929999
2022,10,19,4,28,19289.199881422905,5.621911579999
2022,10,19,4,29,19287.016751412422,12.601881349999
2022,10,19,4,30,19276.170968660972,18.555746369999
2022,10,19,4,31,19277.174660766967,11.854880530000
2022,10,19,4,32,19276.5942173913,2.599829099999
2022,10,19,4,33,19280.357204301064,1.673114379999
2022,10,19,4,34,19274.82310483872,7.302595249999
2022,10,19,4,35,19272.855363321785,8.140736210000
2022,10,19,4,36,19262.814539249153,12.594547049999
2022,10,19,4,37,19267.986714285707,5.371033080000
2022,10,19,4,38,19261.88261044176,2.892547469999
2022,10,19,4,39,19261.865038167936,1.962209269999
2022,10,19,4,40,19264.13233644859,2.62309559
2022,10,19,4,41,19268.473460410572,4.523228369999
2022,10,19,4,42,19269.631920903954,1.662301969999
2022,10,19,4,43,19273.383990825696,5.504520429999
2022,10,19,4,44,19274.97225609756,1.195961900000
2022,10,19,4,45,19272.92553398059,3.413109869999
2022,10,19,4,46,19277.075492957738,2.473801299999
2022,10,19,4,47,19281.796825938578,3.308604349999
2022,10,19,4,48,19284.12934782608,3.363427239999
2022,10,19,4,49,19279.795329341312,2.099711709999
2022,10,19,4,50,19282.083984374993,1.346869439999
2022,10,19,4,51,19277.99134328357,1.538354749999
2022,10,19,4,52,19275.208655913986,2.486832639999
2022,10,19,4,53,19274.92391959799,1.077649919999
2022,10,19,4,54,19270.99397683397,7.885284290000
2022,10,19,4,55,19269.68431818181,2.240758939999
2022,10,19,4,56,19269.900852272734,1.104141859999
2022,10,19,4,57,19270.84494423791,4.122675279999
2022,10,19,4,58,19277.424325842694,5.132355460000
2022,10,19,4,59,19278.79873239437,1.225614160000
2022,10,19,5,0,19278.28269784171,7.359858099999
2022,10,19,5,1,19283.260856031146,6.37290961
2022,10,19,5,2,19283.19477178423,2.964789789999
2022,10,19,5,3,19273.88772108844,15.925920259999
2022,10,19,5,4,19276.23975845411,8.08830867
2022,10,19,5,5,19275.89595454546,2.125152109999
2022,10,19,5,6,19271.28759322033,7.264943930000
2022,10,19,5,7,19269.351325966858,3.07931393
2022,10,19,5,8,19270.19118320611,6.76731418
2022,10,19,5,9,19279.021140939614,4.098323709999
2022,10,19,5,10,19291.518901098912,8.617800840000
2022,10,19,5,11,19296.192972027977,14.63960807
2022,10,19,5,12,19300.66609489051,11.609371189999
2022,10,19,5,13,19303.621472392606,2.638206559999
2022,10,19,5,14,19295.840322580643,7.734998939999
2022,10,19,5,15,19293.816974522295,9.275561099999
2022,10,19,5,16,19285.615378151255,6.907382789999
2022,10,19,5,17,19285.430261627906,6.615025839999
2022,10,19,5,18,19276.92203296704,14.417807319999
2022,10,19,5,19,19285.844755700327,8.444952839999
2022,10,19,5,20,19286.510615384617,2.859454349999
2022,10,19,5,21,19285.74503496502,8.06169264
2022,10,19,5,22,19290.45707581228,2.819196999999
2022,10,19,5,23,19298.52216730037,6.090807680000
2022,10,19,5,24,19296.508759124077,16.058122859999
2022,10,19,5,25,19292.472478632488,14.052703639999
2022,10,19,5,26,19296.229473684205,8.520455170000
2022,10,19,5,27,19299.102655367245,13.244154599999
2022,10,19,5,28,19302.18352490422,12.03799636
2022,10,19,5,29,19299.87546666666,8.105716449999
2022,10,19,5,30,19296.615058139523,11.885592459999
2022,10,19,5,31,19297.52494809688,6.881468519999
2022,10,19,5,32,19293.92418719212,4.519438449999
2022,10,19,5,33,19290.980624999993,4.123025689999
2022,10,19,5,34,19287.454794520538,4.786005420000
2022,10,19,5,35,19279.006775147933,6.609345289999
2022,10,19,5,36,19282.359904761903,9.969288849999
2022,10,19,5,37,19283.94236514521,5.803345269999
2022,10,19,5,38,19274.872362869206,7.094832600000
2022,10,19,5,39,19263.66963414634,15.577248109999
2022,10,19,5,40,19263.298707865175,12.504731869999
2022,10,19,5,41,19262.766205673743,5.97975233
2022,10,19,5,42,19253.7167299578,18.584014109999
2022,10,19,5,43,19248.962649842288,9.579528839999
2022,10,19,5,44,19251.200927419344,9.232531139999
2022,10,19,5,45,19251.338278145693,3.054218089999
2022,10,19,5,46,19255.6304489796,5.346908909999
2022,10,19,5,47,19259.598978494618,12.855884179999
2022,10,19,5,48,19257.617283950614,3.269359229999
2022,10,19,5,49,19254.58342465755,10.189000050000
2022,10,19,5,50,19248.90560655739,12.636161489999
2022,10,19,5,51,19244.0655393586,10.970767449999
2022,10,19,5,52,19249.20494172491,14.020273049999
2022,10,19,5,53,19264.101294964017,9.266803269999
2022,10,19,5,54,19258.43862745096,4.057657899999
2022,10,19,5,55,19262.39346715329,4.044829769999
2022,10,19,5,56,19259.846597633114,8.867726819999
2022,10,19,5,57,19262.44556451614,3.962544319999
2022,10,19,5,58,19258.492413793094,6.46181637
2022,10,19,5,59,19256.77570570571,15.379920599999
2022,10,19,6,0,19245.134740608257,24.198498180000
2022,10,19,6,1,19241.139126984137,7.065654029999
2022,10,19,6,2,19242.454466019426,9.212918859999
2022,10,19,6,3,19245.046399999985,9.5909475
2022,10,19,6,4,19249.606722338205,20.797265460000
2022,10,19,6,5,19248.67314861465,23.030871920000
2022,10,19,6,6,19245.53514450866,9.148036820000
2022,10,19,6,7,19246.89080858091,15.596719329999
2022,10,19,6,8,19261.03753521128,7.220028939999
2022,10,19,6,9,19259.1706060606,13.242853609999
2022,10,19,6,10,19265.489834515356,11.530672069999
2022,10,19,6,11,19273.01691666668,9.693082809999
2022,10,19,6,12,19272.323754045294,11.036682259999
2022,10,19,6,13,19267.71870967742,3.199432609999
2022,10,19,6,14,19270.37104430378,9.250100220000
2022,10,19,6,15,19270.04854406131,6.441953860000
2022,10,19,6,16,19272.17962655606,27.615510800000
2022,10,19,6,17,19267.366255924164,20.340293120000
2022,10,19,6,18,19263.05850746271,2.894538719999
2022,10,19,6,19,19266.86407407405,5.162284139999
2022,10,19,6,20,19265.391955128212,6.51052359
2022,10,19,6,21,19261.462274143298,7.791055380000
2022,10,19,6,22,19255.408482972136,7.654627150000
2022,10,19,6,23,19252.6221754386,9.701810189999
2022,10,19,6,24,19249.460631229205,7.096236739999
2022,10,19,6,25,19244.29445378151,13.418265029999
2022,10,19,6,26,19228.14463892288,43.720463039999
2022,10,19,6,27,19215.699002849004,12.802414679999
2022,10,19,6,28,19216.68936046511,14.021175879999
2022,10,19,6,29,19225.527625899274,6.424917760000
2022,10,19,6,30,19221.923321799284,11.087375640000
2022,10,19,6,31,19211.75219178081,10.719030649999
2022,10,19,6,32,19202.795954861096,23.379672140000
2022,10,19,6,33,19209.169604938277,15.096725019999
2022,10,19,6,34,19201.433753943245,13.383364349999
2022,10,19,6,35,19206.049479166675,9.834043979999
2022,10,19,6,36,19205.21259067357,10.187533909999
2022,10,19,6,37,19201.352857142872,11.540634839999
2022,10,19,6,38,19194.728769230765,14.577850809999
2022,10,19,6,39,19196.210631578957,8.007070949999
2022,10,19,6,40,19189.413596491228,21.363288179999
2022,10,19,6,41,19173.375514993466,43.269701590000
2022,10,19,6,42,19158.19935483873,70.140645640000
2022,10,19,6,43,19171.88327838825,32.070969280000
2022,10,19,6,44,19178.16733944952,34.221113730000
2022,10,19,6,45,19194.929964664298,38.217158730000
2022,10,19,6,46,19198.25394422311,10.322950390000
2022,10,19,6,47,19208.22858433737,15.297112499999
2022,10,19,6,48,19211.20423728812,15.295206099999
2022,10,19,6,49,19215.789176470586,6.662885250000
2022,10,19,6,50,19216.488366666672,12.346606379999
2022,10,19,6,51,19217.4182857143,6.272884990000
2022,10,19,6,52,19210.323524804175,8.924138279999
2022,10,19,6,53,19205.550277777777,13.578602099999
2022,10,19,6,54,19212.144765625002,5.682999739999
2022,10,19,6,55,19206.508834688353,11.876501299999
2022,10,19,6,56,19198.37153846155,10.59058518
2022,10,19,6,57,19194.12802850356,14.651496049999
2022,10,19,6,58,19191.66434497817,14.062808139999
2022,10,19,6,59,19192.36574123991,15.321926860000
2022,10,19,7,0,19198.64219430486,43.415177869999
2022,10,19,7,1,19205.040229007624,27.370914870000
2022,10,19,7,2,19208.298528610354,14.438307560000
2022,10,19,7,3,19206.917308584692,12.898588549999
2022,10,19,7,4,19196.869666666666,7.865799669999
2022,10,19,7,5,19185.413140311815,17.502694960000
2022,10,19,7,6,19184.033218623474,34.302068760000
2022,10,19,7,7,19196.64629764064,18.361020349999
2022,10,19,7,8,19198.993358024694,36.498804099999
2022,10,19,7,9,19206.01666666668,20.944768680000
2022,10,19,7,10,19201.604639639645,27.598079660000
2022,10,19,7,11,19203.469411764738,30.390741750000
2022,10,19,7,12,19210.839222222206,19.579715180000
2022,10,19,7,13,19215.175766016713,7.051179910000
2022,10,19,7,14,19210.051282565106,22.554642830000
2022,10,19,7,15,19205.21699088144,10.666771879999
2022,10,19,7,16,19205.472664576813,8.747398960000
2022,10,19,7,17,19214.468056265978,22.111409130000
2022,10,19,7,18,19221.458988095234,5.408926940000
2022,10,19,7,19,19226.6484272997,12.317119989999
2022,10,19,7,20,19232.45444444447,9.952450819999
2022,10,19,7,21,19230.349614147894,9.950258449999
2022,10,19,7,22,19229.500370370377,11.446577599999
2022,10,19,7,23,19236.212622950807,3.234601319999
2022,10,19,7,24,19236.93407142856,7.773030489999
2022,10,19,7,25,19224.817341772155,3.916534489999
2022,10,19,7,26,19224.212885154055,8.736703119999
2022,10,19,7,27,19216.81517156864,18.087086650000
2022,10,19,7,28,19216.304830188692,5.256650209999
2022,10,19,7,29,19211.112606060608,23.705494760000
2022,10,19,7,30,19214.17908256881,11.315058540000
2022,10,19,7,31,19213.368664596266,14.662362609999
2022,10,19,7,32,19203.08798611111,16.726605040000
2022,10,19,7,33,19208.248813868646,22.010528100000
2022,10,19,7,34,19206.350723192005,17.040440640000
2022,10,19,7,35,19205.284417989395,14.184552379999
2022,10,19,7,36,19213.752895442372,18.505412880000
2022,10,19,7,37,19220.392351097187,13.123643479999
2022,10,19,7,38,19228.768366013086,9.89188145
2022,10,19,7,39,19227.058103448282,4.764424969999
2022,10,19,7,40,19234.39420289854,10.711387139999
2022,10,19,7,41,19237.383671232867,6.46152823
2022,10,19,7,42,19231.733699324348,30.769479660000
2022,10,19,7,43,19224.557427385887,4.281573379999
2022,10,19,7,44,19218.181276102092,14.297791319999
2022,10,19,7,45,19220.931904761903,17.32922408
2022,10,19,7,46,19204.86300518137,21.183633769999
2022,10,19,7,47,19198.550126582268,30.417218230000
2022,10,19,7,48,19195.43629032257,9.894010679999
2022,10,19,7,49,19196.98819070903,10.530336250000
2022,10,19,7,50,19202.562731092417,27.008822220000
2022,10,19,7,51,19210.5757103825,12.280843829999
2022,10,19,7,52,19211.43147609148,47.51837869
2022,10,19,7,53,19219.75470588234,23.047132470000
2022,10,19,7,54,19227.795094339624,19.980674090000
2022,10,19,7,55,19223.995880503157,13.249109189999
2022,10,19,7,56,19221.039971830967,8.326659739999
2022,10,19,7,57,19228.026486486488,8.098453869999
2022,10,19,7,58,19219.90540178573,15.430422549999
2022,10,19,7,59,19221.142234762985,15.322530659999
2022,10,19,8,0,19214.279112709806,11.631060099999
2022,10,19,8,1,19215.112203389835,19.92142837
2022,10,19,8,2,19218.31600558657,9.785688899999
2022,10,19,8,3,19225.771520190032,11.857654639999
2022,10,19,8,4,19227.58957507081,9.147887839999
2022,10,19,8,5,19221.883176470586,19.566712689999
2022,10,19,8,6,19230.49832891246,13.003726789999
2022,10,19,8,7,19227.69260975611,10.901225729999
2022,10,19,8,8,19220.38079999999,22.112948410000
2022,10,19,8,9,19207.036830601082,11.886054989999
2022,10,19,8,10,19191.945659777397,38.776520540000
2022,10,19,8,11,19182.104969072174,18.634077490000
2022,10,19,8,12,19181.43838541666,16.851951990000
2022,10,19,8,13,19187.257217391318,13.396079979999
2022,10,19,8,14,19188.32192307693,11.160043529999
2022,10,19,8,15,19183.45725165566,22.777548800000
2022,10,19,8,16,19178.722467289685,18.076710369999
2022,10,19,8,17,19172.469335260124,18.740063569999
2022,10,19,8,18,19178.79503512881,13.305602219999
2022,10,19,8,19,19181.303136288996,24.805614840000
2022,10,19,8,20,19178.858661538467,42.489841689999
2022,10,19,8,21,19161.76881051177,35.204644570000
2022,10,19,8,22,19167.549203036102,13.821941919999
2022,10,19,8,23,19174.769633251843,16.249568380000
2022,10,19,8,24,19173.01798850575,12.7831554
2022,10,19,8,25,19167.651800433825,16.903347119999
2022,10,19,8,26,19163.00653658538,12.914096999999
2022,10,19,8,27,19161.680395348845,15.808190309999
2022,10,19,8,28,19164.329036363604,35.484697209999
2022,10,19,8,29,19156.72401294499,15.548536059999
2022,10,19,8,30,19169.461717948732,18.235851840000
2022,10,19,8,31,19163.818350730682,40.542616959999
2022,10,19,8,32,19168.16826989621,19.726911669999
2022,10,19,8,33,19174.36459715639,26.404766670000
2022,10,19,8,34,19176.139117647075,14.477675379999
2022,10,19,8,35,19175.121778290995,21.197611970000
2022,10,19,8,36,19176.864775725597,13.835016899999
2022,10,19,8,37,19177.52283387622,13.044094819999
2022,10,19,8,38,19173.061366459613,12.652106019999
2022,10,19,8,39,19171.95069288387,23.186186360000
2022,10,19,8,40,19175.561402116404,16.984808589999
2022,10,19,8,41,19184.479928741093,15.219995219999
2022,10,19,8,42,19184.88962643678,11.509607169999
2022,10,19,8,43,19187.09908296944,11.572686749999
2022,10,19,8,44,19189.24638009049,3.592761069999
2022,10,19,8,45,19185.17207264958,18.515511920000
2022,10,19,8,46,19182.634702194366,14.910400799999
2022,10,19,8,47,19186.04763636362,2.912909029999
2022,10,19,8,48,19188.082515090526,13.568776679999
2022,10,19,8,49,19189.588500000016,4.14667345
2022,10,19,8,50,19187.671002865318,15.937718579999
2022,10,19,8,51,19193.033529411772,14.667273189999
2022,10,19,8,52,19201.247850162872,12.317118779999
2022,10,19,8,53,19204.85192727271,6.933457239999
2022,10,19,8,54,19199.336836734685,14.415552609999
2022,10,19,8,55,19190.115432098773,15.132952859999
2022,10,19,8,56,19191.56652307692,14.214520149999
2022,10,19,8,57,19193.379959677386,5.383993059999
2022,10,19,8,58,19196.070366972494,9.006480459999
2022,10,19,8,59,19199.516923076928,4.663853149999
2022,10,19,9,0,19199.933731656172,19.246903070000
2022,10,19,9,1,19203.047199999986,7.6819653
2022,10,19,9,2,19205.824462151402,8.092329429999
2022,10,19,9,3,19208.02110854504,12.890245459999
2022,10,19,9,4,19210.686409266407,11.073582329999
2022,10,19,9,5,19214.504133858274,7.557769069999
2022,10,19,9,6,19213.676161137428,11.561602819999
2022,10,19,9,7,19215.810872093014,8.117360420000
2022,10,19,9,8,19219.829801762116,12.063549779999
2022,10,19,9,9,19222.96895140664,10.980950790000
2022,10,19,9,10,19226.401693989093,11.326009
2022,10,19,9,11,19226.445726495735,14.661858499999
2022,10,19,9,12,19226.027584097865,10.371027289999
2022,10,19,9,13,19233.464965986394,5.04981468
2022,10,19,9,14,19231.52028776981,17.621228470000
2022,10,19,9,15,19236.13782758619,6.40358679
2022,10,19,9,16,19240.506657060516,9.519314829999
2022,10,19,9,17,19234.85988950277,6.968625869999
2022,10,19,9,18,19237.425787671247,7.414900899999
2022,10,19,9,19,19237.677006369442,8.489047809999
2022,10,19,9,20,19232.510496183208,4.749838099999
2022,10,19,9,21,19224.4375080906,9.335977489999
2022,10,19,9,22,19221.82517857143,11.157977939999
2022,10,19,9,23,19222.297175141255,10.526525239999
2022,10,19,9,24,19218.614977168956,10.924875239999
2022,10,19,9,25,19211.942738853515,8.391785349999
2022,10,19,9,26,19208.349716312056,6.933906769999
2022,10,19,9,27,19207.94883040935,9.235516319999
2022,10,19,9,28,19207.230879765408,7.562695550000
2022,10,19,9,29,19217.203417721536,6.055194739999
2022,10,19,9,30,19216.026337662348,9.700083479999
2022,10,19,9,31,19219.430439814816,2.73193484
2022,10,19,9,32,19220.8352850877,5.53376685
2022,10,19,9,33,19219.553834951465,3.541566399999
2022,10,19,9,34,19221.250647482022,7.382609469999
2022,10,19,9,35,19219.807881355926,12.465890989999
2022,10,19,9,36,19219.506597222236,4.408345069999
2022,10,19,9,37,19232.191699164334,28.690015490000
2022,10,19,9,38,19232.150445859872,7.278300230000
2022,10,19,9,39,19229.450379310347,13.40622218
2022,10,19,9,40,19229.484649681537,12.441366060000
2022,10,19,9,41,19233.915596330276,4.956661020000
2022,10,19,9,42,19239.02576547232,7.412994689999
2022,10,19,9,43,19237.039964285712,9.343356229999
2022,10,19,9,44,19243.203018867946,8.620231059999
2022,10,19,9,45,19238.25935714287,7.832003309999
2022,10,19,9,46,19238.23475206611,8.591617289999
2022,10,19,9,47,19240.235454545455,11.816725929999
2022,10,19,9,48,19241.042511013235,8.186129209999
2022,10,19,9,49,19242.693241895264,27.640651280000
2022,10,19,9,50,19247.683761904784,8.457920590000
2022,10,19,9,51,19258.16274944564,28.929856370000
2022,10,19,9,52,19265.33500000003,23.324528220000
2022,10,19,9,53,19264.92964968155,7.163352209999
2022,10,19,9,54,19260.61684027779,5.251473919999
2022,10,19,9,55,19261.466452702687,12.227961359999
2022,10,19,9,56,19261.48580924853,15.021129029999
2022,10,19,9,57,19272.431762208074,17.478518539999
2022,10,19,9,58,19273.931844331644,33.146385070000
2022,10,19,9,59,19265.491030927806,18.43990025
2022,10,19,10,0,19268.621740139242,16.169219499999
2022,10,19,10,1,19262.48116847825,9.135746049999
2022,10,19,10,2,19261.62429824561,4.484310789999
